Method,quantity,LB_days,FH_hours,N_params,window,lambda_ridge,lambda_bc,RMSE,nRMSE,nMBE,nMAE,R2,NICE1,NICE2,NICE3,NICE_Sigma
ELM_rolling_3m,PAC,1.0,0.5,864,3m,10.0,1.0,1256.6520330021142,1.2854026528846403,0.15909785893002704,0.6245036483310312,0.6582909778002266,1.6171098752151938,1.391160765501883,1.3127477737738251,1.4403394714969673
Persistence_P,PAC,1.0,0.5,0,3m,,,903.3118703205789,0.9239785111542527,-6.783457902252716e-18,0.3861850440112652,0.8234361443840976,1.0,1.0,1.0,1.0
ELM_rolling_3m,PAC,1.0,6.0,864,3m,10.0,0.75,1567.6214620077521,1.6034866717796277,0.18226860668276063,0.8156981921052368,0.46824844236753294,0.4413160262680654,0.4813313402679229,0.5007266680415229,0.474458011525837
Persistence_P,PAC,1.0,6.0,0,3m,,,3256.8447779344033,3.331357295137027,-1.1628784975290372e-17,1.8483312264979093,-1.2951997624774032,1.0,1.0,1.0,1.0
