Method,quantity,LB_days,FH_hours,RMSE,nRMSE,nMBE,nMAE,R2,NICE1,NICE2,NICE3,NICE_Sigma
NeuralProphet,PAC,1.0,0.5,996.4183259839015,0.4161584755359878,0.0035436729512757204,0.20162586797600338,0.9349617600859275,0.8423996357009025,0.8504887892945229,0.8729423241221713,0.8552769163725323
NeuralProphet,PAC,1.0,1.0,1241.93091830696,0.5186978844184608,0.005816688334626405,0.2673214364284887,0.8989630459421907,0.7052059884881413,0.7289512040428212,0.7686931301291056,0.7342834408866894
NeuralProphet,PAC,1.0,3.0,1733.9508359678803,0.7241921567813508,-0.003299428478810739,0.3893952159362925,0.8030486664484155,0.4379216708610304,0.48165423790725403,0.5240183533808228,0.48119808738303577
NeuralProphet,PAC,1.0,6.0,1919.8726115052402,0.8018432001823951,-0.02736193816089281,0.4178033753395014,0.7585483413715504,0.2768279789722596,0.3479853898355976,0.3984075701523785,0.3410736463200785
NeuralProphet,PAC,1.0,10.0,1931.0607264282223,0.8065159653544649,-0.0377063113186584,0.4191754806202133,0.7557260081593736,0.21761369991609786,0.3011871358030382,0.35644297663220414,0.29174793745044675
