Method,LB_days,FH_hours,N_params,window,lambda_ridge,lambda_bc,RMSE,nRMSE,nMBE,nMAE,R2,NICE1,NICE2,NICE3,NICE_Sigma
ELM_rolling_1m,1.0,0.5,864,1m,10.0,0.75,2542.5499994861375,1.1879455910528725,-0.31975967374963293,0.7970305997439302,0.3704855705259039,1.3453849603929664,1.07015768349556,1.017908015970783,1.1444835532864364
Persistence_P,1.0,0.5,0,1m,,,2375.8648269301393,1.1100659364259016,-0.5224901594893641,0.5924182469760401,0.4503197395176125,1.0,1.0,1.0,1.0
ELM_rolling_1m,1.0,6.0,864,1m,10.0,0.75,3142.9604638698843,1.4684730002014956,-0.3141548466575716,0.9848265842440747,0.03806767097300501,0.9210973246670453,0.8131908280583353,0.7928763815435523,0.8423881780896444
Persistence_P,1.0,6.0,0,1m,,,3864.9728396154756,1.8058159899660757,-0.9308115897524012,1.069188410247599,-0.4546535719556384,1.0,1.0,1.0,1.0
