Method,LB_days,FH_hours,N_params,window,lambda_ridge,lambda_bc,RMSE,nRMSE,nMBE,nMAE,R2,NICE1,NICE2,NICE3,NICE_Sigma
ELM_rolling_3m,1.0,0.5,864,3m,10.0,0.5,3020.070693574553,1.4110556983441698,-0.3428916843649686,0.943979951297672,0.11182017684287715,1.5934349694935215,1.2711458410185708,1.2182627769458925,1.360947862485995
Persistence_P,1.0,0.5,0,3m,,,2375.8648269301393,1.1100659364259016,-0.5224901594893641,0.5924182469760401,0.4503197395176125,1.0,1.0,1.0,1.0
ELM_rolling_3m,1.0,6.0,864,3m,25.0,0.5,3159.944592722434,1.476408427623705,-0.411080389819937,0.9025986893237322,0.027643279165404322,0.8441904912855458,0.8175852001683964,0.84098940859011,0.8342550333480174
Persistence_P,1.0,6.0,0,3m,,,3864.9728396154756,1.8058159899660757,-0.9308115897524012,1.069188410247599,-0.4546535719556384,1.0,1.0,1.0,1.0
