Method,LB_days,FH_hours,RMSE,nRMSE,nMBE,nMAE,R2,NICE1,NICE2,NICE3,NICE_Sigma
NeuralProphet_classic,1.0,0.5,1273.8240538649234,0.5320181920922069,0.04562821158904059,0.29363902028882816,0.8937070995696057,1.2268336707089518,1.0872673144344829,1.0514456820044085,1.121848889049281
NeuralProphet_classic,1.0,1.0,1421.0281010719752,0.5934986067743873,0.06544671084407143,0.3405455269026243,0.8677210620370022,0.8983744369068732,0.8340722740578984,0.8397858999827762,0.8574108703158493
NeuralProphet_classic,1.0,3.0,2003.0788977512325,0.8365946698574948,0.07291983717076124,0.4735622669230843,0.7371660400504273,0.5325776247380078,0.5564122234330432,0.6031568058634531,0.564048884678168
NeuralProphet_classic,1.0,6.0,2155.561862352704,0.9002798474972139,0.06585441092569892,0.4914574325570166,0.6956268427705596,0.3256296522140415,0.3907051074588993,0.4494052169911154,0.38857999222135203
NeuralProphet_classic,1.0,10.0,2141.500419787832,0.894407024457899,0.06021237041568646,0.49024391806195927,0.6995849439582152,0.25450866714097303,0.3340093705649062,0.39704794951857597,0.32852199574148505
