Method,LB_days,FH_hours,N_params,window,lambda_ridge,lambda_bc,RMSE,nRMSE,nMBE,nMAE,R2,NICE1,NICE2,NICE3,NICE_Sigma
ELM_rolling_1m,1.0,0.5,864,1m,10.0,0.75,1654.804759465819,1.836273738505761,-0.27482565536179343,0.8419646181317696,0.49666798576787863,1.42123343166677,1.0733882580150207,1.0181166015266208,1.1709127637361372
Persistence_P,1.0,0.5,0,1m,,,1541.6646745568016,1.7107265006806744,-0.5224901594893641,0.5924182469760401,0.5631414156484009,1.0,1.0,1.0,1.0
ELM_rolling_1m,1.0,6.0,864,1m,10.0,0.75,2060.488515025085,2.2864455320122916,-0.15784016525281688,1.1411412656488293,0.2196284497849912,0.7918862103646596,0.7864743822686259,0.7882877399101049,0.7888827775144636
Persistence_P,1.0,6.0,0,1m,,,2619.9054431773093,2.907209164800666,-0.5589580286751814,1.4410419713248193,-0.26163075150015924,1.0,1.0,1.0,1.0
