Method,LB_days,FH_hours,N_params,RMSE,nRMSE,nMBE,nMAE,R2,NICE1,NICE2,NICE3,NICE_Sigma
AR_OLS,1.0,0.5,53,325.17314215820096,0.22328287949194248,0.09985866483084832,0.13952789972719865,0.9708794294590521,0.8676148339396397,0.785091300041376,0.8927395815907258,0.8484819051905804
BLEND_opti,1.0,0.5,0,340.06281316054947,0.2335069976156791,-0.011842421011633906,0.11822853194113044,0.9681515111511872,0.7351707314994839,0.821040613342088,0.8921787885535427,0.8161300444650382
Persistence_P,1.0,0.5,0,414.1851299856,0.2844037113647483,0.0001506573316252079,0.16081778949494732,0.9527545978484067,1.0,1.0,1.0,1.0
Persistence_Pcyclic,1.0,0.5,0,434.00070900065856,0.29801024575414087,0.004765917839936171,0.09637623992642269,0.9481257987820583,0.5992884259203843,1.047842323590293,1.272879489580282,0.973336746363653
AR_OLS,1.0,6.0,53,3001.148681203158,2.0752530967400813,1.728839366414278,1.7359390105869146,-1.4686469651827756,1.1451275615058985,1.024391783995679,1.010599125149671,1.0600394902170829
BLEND_opti,1.0,6.0,0,497.4148515236587,0.34395553857569877,-0.08072110793372037,0.17333834862928812,0.9321856723816635,0.11434417872446206,0.1697842197321558,0.2158300030126387,0.16665280048975217
Persistence_P,1.0,6.0,0,2929.6883556573084,2.0258392630263757,0.017874589750483554,1.5159350529508435,-1.3524847339529504,1.0,1.0,1.0,1.0
Persistence_Pcyclic,1.0,6.0,0,436.28932466787586,0.30168807622309124,0.005040742569153863,0.09789378193296375,0.9478285223764416,0.06457650131013766,0.14892004599239686,0.21540667793221663,0.14296774174491705
