Method,LB_days,FH_hours,N_params,RMSE,nRMSE,nMBE,nMAE,R2,NICE1,NICE2,NICE3,NICE_Sigma
AR_OLS,1.0,0.5,53,424.02826133813284,0.1400783781839295,0.04386210293410419,0.08353197864430092,0.9356189709765441,0.5234287892720477,0.7104337187276546,0.8794516498973683,0.7044380526323568
BLEND_opti,1.0,0.5,0,490.28049737846766,0.16196490467700309,-0.011832281314714688,0.11821748108836175,0.9139288622889165,0.7407753773002972,0.8214353351661969,0.8922056705002555,0.8181387943222499
Persistence_P,1.0,0.5,0,596.8582995997751,0.19717304301772404,-0.0010512823936975112,0.15958613732437613,0.8724410950722876,1.0,1.0,1.0,1.0
Persistence_Pcyclic,1.0,0.5,0,625.7141222689306,0.20670560772910088,0.00477050290018849,0.09635901314683959,0.8598089715717034,0.6038056610830768,1.0483461865044095,1.2729178444590155,0.9750232306821672
AR_OLS,1.0,6.0,53,2910.9647220321485,0.9573147542435471,0.7648068739891386,0.7719066348813289,-2.0017469054595933,0.7667583211138661,0.8410791324450211,0.8900745015730408,0.8326373183773094
BLEND_opti,1.0,6.0,0,721.2819587944047,0.2372044758555284,-0.08071192092484447,0.17332800795451678,0.815706369310846,0.17217197828808395,0.20840348890505841,0.24773034790883633,0.20943527170065956
Persistence_P,1.0,6.0,0,3460.9879257971365,1.1381981995684858,-0.4913378220449312,1.0067143891702197,-3.243266957232634,1.0,1.0,1.0,1.0
Persistence_Pcyclic,1.0,6.0,0,632.6460689816913,0.20805522357122722,0.005045413401971555,0.09787627481676793,0.8582177660959387,0.09722347854533206,0.18279349207379275,0.24724445400773407,0.17575380820895295
