Method,quantity,LB_days,FH_hours,N_params,window,lambda_ridge,lambda_bc,refit_every,RMSE,nRMSE,nMBE,nMAE,R2,NICE1,NICE2,NICE3,NICE_Sigma
ELM_rolling_6m,PAC,1.0,0.5,27000,6m,10.0,0.75,336,57.28009724198361,0.2854073131983756,-0.01869543947829774,0.15590482069627606,0.8832900441681064,0.7533736127424971,0.8758933068991821,0.912159188850942,0.847142036164207
Persistence_P,PAC,1.0,0.5,0,6m,,,336,65.39620384218408,0.32584712196142723,-0.0007031889347013261,0.20694223697155725,0.8478732843010595,1.0,1.0,1.0,1.0
ELM_rolling_6m,PAC,1.0,1.0,27000,6m,25.0,0.75,336,71.22588281715082,0.3548944367036726,-0.02521400611288537,0.213763935935901,0.819542019347511,0.6073975322507841,0.7295797163266701,0.7944812325524568,0.7104861603766371
Persistence_P,PAC,1.0,1.0,0,6m,,,336,97.62590875711703,0.4864368193931097,-0.004807868530412959,0.35193415281713974,0.6609758852199819,1.0,1.0,1.0,1.0
ELM_rolling_6m,PAC,1.0,3.0,27000,6m,25.0,0.5,336,100.38813119658923,0.5002000377336014,-0.08223511455877945,0.33221181711264014,0.6415198185828892,0.4297751216392761,0.5125471669201845,0.6090792794293874,0.5171338559962827
Persistence_P,PAC,1.0,3.0,0,6m,,,336,195.8612546817998,0.9759102576631629,-0.10155150251304512,0.7729898739729194,-0.3645752061914884,1.0,1.0,1.0,1.0
ELM_rolling_6m,PAC,1.0,6.0,27000,6m,25.0,0.5,336,111.82933252785486,0.5572076667172481,-0.10077171841735581,0.38937725077708196,0.5551517596239548,0.36657931284775586,0.42084460218953845,0.4916573543351501,0.4263604231241482
Persistence_P,PAC,1.0,6.0,0,6m,,,336,265.7259519215351,1.3240223679197742,-0.44743821241314824,1.0621910105952823,-1.5117034063503505,1.0,1.0,1.0,1.0
ELM_rolling_6m,PAC,1.0,10.0,27000,6m,25.0,0.5,336,111.78225619399227,0.5569731012990682,-0.10291193359473408,0.3913653580870573,0.5555262126571985,0.37309882532783306,0.4182877773789798,0.4836791325506166,0.4250219117524765
Persistence_P,PAC,1.0,10.0,0,6m,,,336,267.23768237845155,1.3315548084840063,-0.880569907512545,1.048958966148376,-1.5403631532864388,1.0,1.0,1.0,1.0
